DATE,vwretd,vwretx,usdval
19620131,-0.036147,-0.037488,377977327.00
19620228,0.019512,0.015252,364536184.00
19620330,-0.004688,-0.006113,371515292.00
19620430,-0.063435,-0.064212,369195911.00
19620531,-0.084620,-0.089763,345833305.00
19620629,-0.082615,-0.084336,315020366.00
19620731,0.065438,0.064129,287198521.00
19620831,0.023417,0.017888,333071603.00
19620928,-0.050156,-0.051784,339134675.00
19621031,0.002184,0.000427,321697468.00
19621130,0.110137,0.102924,321754697.00
19621231,0.011865,0.010056,354926308.00
19630131,0.051848,0.050475,360071461.00
19630228,-0.021931,-0.026608,378311036.00
19630329,0.032917,0.031233,368287382.00
19630430,0.047439,0.046435,380237995.00
19630531,0.020051,0.014726,398303425.00
19630628,-0.018030,-0.019459,404328648.00
19630731,-0.001718,-0.002995,396730324.00
19630830,0.052684,0.048035,395708988.00
19630930,-0.011898,-0.013317,414732898.00
19631031,0.027708,0.026276,409193779.00
19631129,-0.005549,-0.011692,419919837.00
19631231,0.021736,0.019978,411888749.00
19640131,0.025790,0.024731,424279026.00
19640228,0.017207,0.012653,437505595.00
19640331,0.017636,0.015967,444221262.00
19640430,0.004608,0.003672,451868420.00
19640528,0.017403,0.012531,455566665.00
19640630,0.015080,0.013413,461244649.00
19640731,0.020118,0.019127,467603478.00
19640831,-0.011266,-0.015575,477336620.00
19640930,0.030480,0.028792,470090113.00
19641030,0.008869,0.007730,483837484.00
19641130,0.003089,-0.002673,487946514.00
19641231,0.003690,0.001939,484359224.00
19650129,0.038646,0.037663,489859244.00
19650226,0.006946,0.002634,508506032.00
19650331,-0.009715,-0.011428,510083429.00
19650430,0.033652,0.032737,505709900.00
19650528,-0.004350,-0.009102,522757200.00
19650630,-0.051868,-0.053591,518626471.00
19650730,0.016759,0.015871,490936823.00
19650831,0.030883,0.026133,499069826.00
19650930,0.031952,0.030357,512198155.00
19651029,0.029271,0.028212,527724704.00
19651130,0.003065,-0.002961,542330132.00
19651231,0.013545,0.011976,540479178.00
19660131,0.012122,0.011231,551571721.00
19660228,-0.008621,-0.013014,558855022.00
19660331,-0.020923,-0.022746,551841706.00
19660429,0.024837,0.023854,538969236.00
19660531,-0.052539,-0.057483,551651981.00
19660630,-0.010317,-0.012063,521129014.00
19660729,-0.012870,-0.013831,515312264.00
19660831,-0.075388,-0.080712,508676194.00
19660930,-0.006958,-0.008695,467448885.00
19661031,0.042294,0.041171,463631229.00
19661130,0.017516,0.010606,482783232.00
19661230,0.006210,0.004409,488292907.00
19670131,0.085530,0.084077,495443985.00
19670228,0.010945,0.006257,537592996.00
19670331,0.043384,0.041582,541516144.00
19670428,0.041609,0.040697,563913102.00
19670531,-0.039293,-0.044217,585810303.00
19670630,0.026903,0.025341,559703674.00
19670731,0.049189,0.048277,573103663.00
19670831,-0.006282,-0.011073,600794563.00
19670929,0.034286,0.032875,592609411.00
19671031,-0.027433,-0.028650,611091965.00
19671130,0.007902,0.002565,594745488.00
19671229,0.033699,0.032203,595924989.00
19680131,-0.036330,-0.037829,626521164.00
19680229,-0.033624,-0.038107,602397319.00
19680329,0.005116,0.003740,580027619.00
19680430,0.094148,0.092730,581172847.00
19680531,0.027041,0.022494,635071377.00
19680628,0.011527,0.010037,649394028.00
19680730,-0.022024,-0.023162,655359658.00
19680830,0.018038,0.013495,640851191.00
19680930,0.044454,0.043207,650058567.00
19681031,0.009041,0.007467,678902039.00
19681129,0.058502,0.054125,684248039.00
19681231,-0.033873,-0.035363,723116336.00
19690131,-0.006711,-0.007725,717381570.00
19690228,-0.053640,-0.057882,712479691.00
19690328,0.030506,0.029062,672113889.00
19690430,0.020526,0.019345,692961791.00
19690529,0.005040,0.000241,706755914.00
19690630,-0.067387,-0.068958,707608249.00
19690731,-0.065172,-0.066373,660775850.00
19690829,0.051490,0.046517,618286555.00
19690930,-0.022590,-0.024167,648456614.00
19691031,0.055638,0.053771,633979741.00
19691128,-0.032164,-0.036678,669119851.00
19691231,-0.019681,-0.021471,643308411.00
19700130,-0.073254,-0.074519,640266174.00
19700227,0.056706,0.051651,592922467.00
19700331,-0.004729,-0.006569,626175869.00
19700430,-0.105318,-0.106393,622791010.00
19700529,-0.064346,-0.069931,556080327.00
19700630,-0.051067,-0.053372,517516779.00
19700731,0.074169,0.072132,490514946.00
19700831,0.050036,0.044584,529251498.00
19700930,0.047536,0.045601,553584123.00
19701030,-0.018208,-0.020450,579757853.00
19701130,0.050448,0.045354,568218373.00
19701231,0.060723,0.058969,594756275.00
19710129,0.052030,0.050772,639222691.00
19710226,0.016913,0.012413,672792634.00
19710331,0.044778,0.042972,681297165.00
19710430,0.033332,0.032300,712087022.00
19710528,-0.036409,-0.040737,735610495.00
19710630,0.003119,0.001385,705912243.00
19710730,-0.040283,-0.041317,707500675.00
19710831,0.042511,0.037666,680306818.00
19710930,-0.005016,-0.006491,707393506.00
19711029,-0.040682,-0.042346,703806397.00
19711130,-0.001262,-0.005696,674413533.00
19711231,0.091257,0.089557,671184034.00
19720131,0.028383,0.027169,746939773.00
19720229,0.031349,0.027272,768789485.00
19720330,0.008722,0.007247,791034515.00
19720428,0.005505,0.004723,797359375.00
19720531,0.016375,0.011960,801612434.00
19720630,-0.020896,-0.022412,812863448.00
19720731,-0.004254,-0.005310,795673086.00
19720831,0.035966,0.031857,791751644.00
19720929,-0.007671,-0.009085,819876625.00
19721031,0.008676,0.007358,813882608.00
19721130,0.049764,0.045305,820319078.00
19721229,0.011243,0.009903,858262800.00
19730131,-0.027452,-0.028652,1010803210.00
19730228,-0.044370,-0.047916,982658566.00
19730330,-0.007859,-0.009333,935214591.00
19730430,-0.051766,-0.052962,927440903.00
19730531,-0.024511,-0.028780,878044735.00
19730629,-0.008646,-0.010422,853268079.00
19730731,0.056956,0.055510,844249572.00
19730831,-0.029657,-0.034039,890976082.00
19730928,0.053935,0.052533,860208351.00
19731031,-0.000414,-0.002140,907391049.00
19731130,-0.120708,-0.125552,904978831.00
19731231,0.011438,0.009422,788766117.00
19740131,0.004413,0.002807,797888293.00
19740228,0.002346,-0.002451,799407575.00
19740329,-0.023364,-0.025299,797161363.00
19740430,-0.045960,-0.047694,777026313.00
19740531,-0.041981,-0.047320,739697813.00
19740628,-0.022942,-0.025407,704741234.00
19740731,-0.070874,-0.072695,686477744.00
19740830,-0.087757,-0.094578,635982513.00
19740930,-0.109718,-0.112274,575289267.00
19741031,0.165584,0.162459,510798046.00
19741129,-0.041046,-0.048241,593202256.00
19741231,-0.027005,-0.030302,567348349.00
19750131,0.141600,0.139591,552367714.00
19750228,0.058412,0.051629,629561930.00
19750331,0.030190,0.027442,663822278.00
19750430,0.046497,0.044432,687679953.00
19750530,0.055140,0.049542,720046341.00
19750630,0.051473,0.048958,756459193.00
19750731,-0.060385,-0.062318,795190073.00
19750829,-0.023557,-0.028960,745488713.00
19750930,-0.038010,-0.040486,724303614.00
19751031,0.055857,0.053273,694833995.00
19751128,0.031223,0.025803,732494484.00
19751231,-0.010998,-0.013677,752827810.00
19760130,0.126012,0.124372,742685588.00
19760227,0.007310,0.002081,835556711.00
19760331,0.026740,0.024295,839482173.00
19760430,-0.010402,-0.011668,860744575.00
19760528,-0.009326,-0.015305,851754004.00
19760630,0.044522,0.042169,839587849.00
19760730,-0.006135,-0.007573,874885892.00
19760831,-0.001398,-0.007387,863671249.00
19760930,0.024512,0.022385,859877277.00
19761029,-0.020373,-0.022250,884916300.00
19761130,0.005361,-0.001441,866827642.00
19761231,0.061593,0.059302,865969597.00
19770131,-0.036328,-0.037997,919351123.00
19770228,-0.015744,-0.021769,883813444.00
19770331,-0.009249,-0.011797,865898430.00
19770429,0.004962,0.003564,858766299.00
19770531,-0.010777,-0.018005,862867791.00
19770630,0.051369,0.048712,848300131.00
19770729,-0.012806,-0.014162,891564038.00
19770831,-0.013338,-0.020278,879868688.00
19770930,0.001572,-0.001008,862775790.00
19771031,-0.039278,-0.041312,862243988.00
19771130,0.045440,0.037081,826700857.00
19771230,0.008223,0.005497,857668147.00
19780131,-0.055199,-0.057209,863792799.00
19780228,-0.009275,-0.016700,813786752.00
19780331,0.034009,0.030865,799476856.00
19780428,0.082853,0.081203,823012509.00
19780531,0.023230,0.015499,888993064.00
19780630,-0.010748,-0.013740,902347276.00
19780731,0.056741,0.054868,891700215.00
19780831,0.042370,0.035504,938958123.00
19780929,-0.006889,-0.009456,974464594.00
19781031,-0.110995,-0.113600,967348426.00
19781130,0.033787,0.025752,856861425.00
19781229,0.017708,0.014580,879900479.00
19790131,0.049530,0.047019,895229648.00
19790228,-0.026765,-0.033781,936040543.00
19790330,0.065613,0.062472,902849201.00
19790430,0.008520,0.006438,959968485.00
19790531,-0.013571,-0.021458,963740633.00
19790629,0.046852,0.043821,942497911.00
19790731,0.014991,0.012773,983995190.00
19790831,0.064732,0.057305,997375173.00
19790928,0.001426,-0.000932,1054661020.00
19791031,-0.072662,-0.075470,1053861040.00
19791130,0.063604,0.055810,974148192.00
19791231,0.028215,0.025174,1029208370.00
19800131,0.065607,0.063303,1062297050.00
19800229,0.001015,-0.005740,1127977420.00
19800331,-0.120224,-0.123258,1119769070.00
19800430,0.052287,0.049833,981507780.00
19800530,0.060090,0.052629,1032795150.00
19800630,0.037714,0.034438,1089587810.00
19800731,0.069438,0.067066,1130307180.00
19800829,0.023553,0.017236,1208512690.00
19800930,0.029498,0.026617,1231313490.00
19801031,0.020095,0.017370,1272164290.00
19801128,0.104952,0.099010,1293158220.00
19801231,-0.034410,-0.037040,1417974480.00
19810130,-0.040087,-0.041825,1383186450.00
19810227,0.015521,0.009123,1326283890.00
19810331,0.046184,0.043096,1336227550.00
19810430,-0.011268,-0.013037,1392976250.00
19810529,0.013550,0.007405,1381686710.00
19810630,-0.010243,-0.013357,1393740140.00
19810731,-0.003080,-0.004806,1381112550.00
19810831,-0.056279,-0.063012,1374164570.00
19810930,-0.063773,-0.066713,1288191310.00
19811030,0.060162,0.057005,1196474290.00
19811130,0.045849,0.039226,1265380300.00
19811231,-0.028096,-0.031104,1318219290.00
19820129,-0.026210,-0.027913,1285105240.00
19820226,-0.051126,-0.058639,1248835940.00
19820331,-0.010099,-0.014053,1164686140.00
19820430,0.043267,0.041422,1143492820.00
19820528,-0.028212,-0.036596,1190697490.00
19820630,-0.023912,-0.027379,1145532580.00
19820730,-0.020526,-0.022744,1110320320.00
19820831,0.119013,0.109931,1084544560.00
19820930,0.016761,0.013670,1210760090.00
19821029,0.118636,0.115930,1230047020.00
19821130,0.051935,0.044991,1372831360.00
19821231,0.014516,0.012030,1437852720.00
19830131,0.041850,0.039762,1470216730.00
19830228,0.030215,0.024204,1527216270.00
19830331,0.034680,0.031623,1565910800.00
19830429,0.074188,0.072842,1626405020.00
19830531,0.013226,0.007961,1747224730.00
19830630,0.037838,0.034866,1768884860.00
19830729,-0.031568,-0.032864,1852009580.00
19830831,0.003463,-0.001803,1796631330.00
19830930,0.016028,0.013103,1798695400.00
19831031,-0.028074,-0.029775,1837782500.00
19831130,0.029556,0.024206,1790461320.00
19831230,-0.010464,-0.013442,1832532000.00
19840131,-0.013023,-0.014873,1825965370.00
19840229,-0.039073,-0.043938,1792668350.00
19840330,0.013389,0.010024,1713422630.00
19840430,0.002538,0.000801,1731158880.00
19840531,-0.052320,-0.057705,1732638630.00
19840629,0.023385,0.019502,1617890510.00
19840731,-0.020621,-0.022542,1648779490.00
19840831,0.112689,0.106812,1608335230.00
19840928,0.000404,-0.002538,1778419500.00
19841031,-0.000074,-0.002921,1765807800.00
19841130,-0.010685,-0.015257,1754210440.00
19841231,0.023656,0.020095,1723779990.00
19850131,0.085718,0.083506,1757243340.00
19850228,0.016896,0.012267,1902448800.00
19850329,-0.001747,-0.004924,1924005220.00
19850430,-0.002186,-0.003958,1918210900.00
19850531,0.055775,0.050799,1907446590.00
19850628,0.017091,0.014038,1985342280.00
19850731,-0.000251,-0.002220,2015633220.00
19850830,-0.004795,-0.009593,2015599610.00
19850930,-0.039826,-0.042576,1983695470.00
19851031,0.044441,0.042023,1902452780.00
19851129,0.069228,0.064698,1974509200.00
19851231,0.043061,0.040080,2091113940.00
19860131,0.009829,0.008006,2196653660.00
19860228,0.072500,0.068190,2212493680.00
19860331,0.053885,0.051360,2361536650.00
19860430,-0.007903,-0.009633,2478041800.00
19860530,0.050844,0.047123,2455477130.00
19860630,0.014246,0.011624,2568266510.00
19860731,-0.059700,-0.061454,2615600260.00
19860829,0.066181,0.062428,2463947450.00
19860930,-0.079021,-0.081274,2618346380.00
19861031,0.049303,0.046859,2404738810.00
19861128,0.015093,0.010874,2518093820.00
19861231,-0.026388,-0.029057,2539365440.00
19870130,0.128496,0.126924,2471475220.00
19870227,0.047918,0.044491,2791176450.00
19870331,0.023664,0.021218,2917655230.00
19870430,-0.017001,-0.018898,2994117810.00
19870529,0.005125,0.001874,2941818020.00
19870630,0.043662,0.041150,2936716930.00
19870731,0.044248,0.042348,3077645310.00
19870831,0.037146,0.033860,3211628360.00
19870930,-0.020774,-0.022846,3323020780.00
19871030,-0.225363,-0.227344,3256589750.00
19871130,-0.072273,-0.076513,2513955220.00
19871231,0.070327,0.067214,2315148270.00
19880129,0.044880,0.043048,2475542950.00
19880229,0.051695,0.045999,2578264170.00
19880331,-0.016598,-0.019273,2687165000.00
19880429,0.010991,0.009188,2635915140.00
19880531,0.000448,-0.003859,2654636350.00
19880630,0.051459,0.048746,2639418210.00
19880729,-0.007272,-0.009940,2760141570.00
19880831,-0.028006,-0.032443,2731019740.00
19880930,0.037202,0.034603,2638465610.00
19881031,0.017646,0.014483,2723877680.00
19881130,-0.016412,-0.021131,2761631860.00
19881230,0.021075,0.017631,2677806480.00
19890131,0.066103,0.063307,2701968450.00
19890228,-0.016446,-0.020177,2872502650.00
19890331,0.021465,0.018642,2807300700.00
19890428,0.048204,0.046270,2862723170.00
19890531,0.039338,0.034584,2966693340.00
19890630,-0.004866,-0.007439,3059051340.00
19890731,0.077131,0.074884,3026677250.00
19890831,0.022127,0.018228,3251809820.00
19890929,-0.001474,-0.003970,3314408180.00
19891031,-0.029285,-0.031338,3290736810.00
19891130,0.017814,0.014331,3195815220.00
19891229,0.018295,0.015516,3236181460.00
19900131,-0.070115,-0.071949,3282761450.00
19900228,0.014901,0.010958,3048841850.00
19900330,0.024140,0.021618,3084505710.00
19900430,-0.028286,-0.030565,3163169250.00
19900531,0.088934,0.084648,3067320090.00
19900629,-0.004196,-0.006739,3324375690.00
19900731,-0.009403,-0.011604,3306455600.00
19900831,-0.091905,-0.095719,3262880690.00
19900928,-0.053843,-0.056109,2946380100.00
19901031,-0.012504,-0.015054,2780897470.00
19901130,0.065744,0.061416,2734757000.00
19901231,0.029513,0.026276,2903988200.00
19910131,0.049078,0.046982,2973408660.00
19910228,0.075847,0.071835,3113891210.00
19910328,0.028923,0.026702,3332239890.00
19910430,0.003315,0.001190,3442499010.00
19910531,0.040733,0.037173,3449779970.00
19910628,-0.044029,-0.046277,3585934300.00
19910731,0.046795,0.044990,3444092140.00
19910830,0.026817,0.023284,3606248820.00
19910930,-0.010975,-0.013074,3690039070.00
19911031,0.017815,0.016215,3672511380.00
19911129,-0.037275,-0.040557,3739723520.00
19911231,0.106778,0.104142,3593779210.00
19920131,-0.001182,-0.002610,3987469130.00
19920228,0.013354,0.010306,3980505610.00
19920331,-0.023700,-0.025971,4030062720.00
19920430,0.013419,0.011876,3963176000.00
19920529,0.006439,0.003333,4009754460.00
19920630,-0.019271,-0.021679,4024163250.00
19920731,0.039900,0.038369,3972293700.00
19920831,-0.020820,-0.023972,4130800540.00
19920930,0.012447,0.010271,4034203020.00
19921030,0.010986,0.009548,4088799910.00
19921130,0.040193,0.036963,4136474680.00
19921231,0.017768,0.015560,4293266190.00
19930129,0.012644,0.011328,4393611100.00
19930226,0.005402,0.002640,4449515820.00
19930331,0.025116,0.022685,4468245410.00
19930430,-0.025400,-0.026724,4611228240.00
19930528,0.029599,0.026565,4498342620.00
19930630,0.005440,0.003222,4628554780.00
19930730,-0.000792,-0.002140,4700405340.00
19930831,0.039479,0.036546,4698649020.00
19930930,0.000641,-0.001342,4879497510.00
19931029,0.018064,0.016743,4904051420.00
19931130,-0.017606,-0.020483,4993087400.00
19931231,0.019515,0.017488,4913106480.00
19940131,0.031466,0.030077,5045933270.00
19940228,-0.024226,-0.026779,5207964370.00
19940331,-0.045795,-0.047883,5090854980.00
19940429,0.009478,0.008027,4868534550.00
19940531,0.009360,0.006369,4914521660.00
19940630,-0.027909,-0.030083,4957618760.00
19940729,0.030628,0.029254,4828127580.00
19940831,0.042597,0.039691,4972181490.00
19940930,-0.018363,-0.020379,5158714120.00
19941031,0.014520,0.012999,5071177400.00
19941130,-0.037219,-0.039993,5134153770.00
19941230,0.012609,0.010169,4930367570.00
19950131,0.020399,0.018798,4990705700.00
19950228,0.039615,0.037040,5081390930.00
19950331,0.027041,0.024862,5267557670.00
19950428,0.025048,0.023596,5422980880.00
19950531,0.034007,0.031227,5545238400.00
19950630,0.031169,0.029240,5726781270.00
19950731,0.040779,0.038930,5906012210.00
19950831,0.009298,0.006800,6142208740.00
19950929,0.036365,0.034652,6197480520.00
19951031,-0.011314,-0.012646,6425371310.00
19951130,0.042804,0.040334,6364604960.00
19951229,0.015183,0.013344,6642677320.00
19960131,0.028138,0.026821,6754723520.00
19960229,0.016310,0.014188,6935292490.00
19960329,0.010925,0.009221,7059652060.00
19960430,0.025508,0.024263,7126302580.00
19960531,0.026802,0.024543,7371217010.00
19960628,-0.008302,-0.009834,7571569860.00
19960731,-0.053814,-0.055251,7536399220.00
19960830,0.032448,0.030377,7140147170.00
19960930,0.053035,0.051329,7370264140.00
19961031,0.013729,0.012357,7774063250.00
19961129,0.065577,0.063595,7869497410.00
19961231,-0.011397,-0.013076,8359414840.00
19970131,0.053473,0.052390,8259460840.00
19970228,-0.001122,-0.002857,8720956260.00
19970331,-0.044868,-0.046519,8702472370.00
19970430,0.042373,0.041157,8301057570.00
19970530,0.071624,0.069772,8648112520.00
19970630,0.044095,0.042703,9212913350.00
19970731,0.076514,0.075202,9635241060.00
19970829,-0.036291,-0.037650,10325514900.00
19970930,0.058499,0.057095,10003990700.00
19971031,-0.034436,-0.035506,10619250600.00
19971128,0.030404,0.028891,10233739900.00
19971231,0.017817,0.016302,10547345400.00
19980130,0.004502,0.003624,10757968000.00
19980227,0.073303,0.071798,10808114800.00
19980331,0.051301,0.050044,11586906500.00
19980430,0.010904,0.009902,12218588100.00
19980529,-0.025748,-0.027040,12383486500.00
19980630,0.031944,0.030725,12040038200.00
19980731,-0.023367,-0.024343,12496602000.00
19980831,-0.157844,-0.159153,12233512300.00
19980930,0.063827,0.062308,10279623300.00
19981030,0.074393,0.073375,10844845700.00
19981130,0.062023,0.060615,11700293100.00
19981231,0.063051,0.061723,12482503700.00
19990129,0.038456,0.037658,13184675500.00
19990226,-0.038085,-0.039271,13739211700.00
19990331,0.037932,0.036659,13145283900.00
19990430,0.049105,0.048284,13722127400.00
19990528,-0.020707,-0.022381,14443031300.00
19990630,0.050821,0.049722,14076491300.00
19990730,-0.030716,-0.031594,14844432100.00
19990831,-0.009984,-0.011143,14421646100.00
19990930,-0.022845,-0.024049,14300607400.00
19991029,0.062150,0.061360,13912533600.00
19991130,0.036824,0.035617,14944687000.00
19991231,0.083754,0.082643,15527909500.00
20000131,-0.039607,-0.040248,16965882600.00
20000229,0.031782,0.030679,16302059700.00
20000331,0.053499,0.052515,16955296100.00
20000428,-0.059527,-0.060317,18077490200.00
20000531,-0.038870,-0.040029,17080291700.00
20000630,0.051603,0.050806,16286057900.00
20000731,-0.017712,-0.018432,17242854700.00
20000831,0.075006,0.073825,17061146500.00
20000929,-0.051141,-0.051882,18389916600.00
20001031,-0.024490,-0.025164,17492137100.00
20001130,-0.102372,-0.103579,17039200200.00
20001229,0.020422,0.019428,15236964400.00
20010131,0.039601,0.038813,15474132600.00
20010228,-0.099103,-0.100201,16168526200.00
20010330,-0.070392,-0.071348,14595790400.00
20010430,0.083829,0.082824,13579360600.00
20010531,0.010455,0.009069,14689427700.00
20010629,-0.017553,-0.018328,14836316400.00
20010731,-0.018298,-0.019265,14609681200.00
20010831,-0.058981,-0.060356,14271292400.00
20010928,-0.091485,-0.092618,13499229200.00
20011031,0.027836,0.026818,12207729900.00
20011130,0.078777,0.077341,12605184100.00
20011231,0.017853,0.016570,13562743700.00
20020131,-0.015975,-0.016929,13823103700.00
20020228,-0.021696,-0.023063,13606194100.00
20020328,0.044678,0.043709,13300963700.00
20020430,-0.049618,-0.050521,13931735600.00
20020531,-0.010521,-0.011969,13236873300.00
20020628,-0.070251,-0.071507,13203444200.00
20020731,-0.081149,-0.082334,12309141000.00
20020830,0.007976,0.006431,11322099700.00
20020930,-0.099920,-0.101384,11378056000.00
20021031,0.074919,0.073501,10229185600.00
20021129,0.061263,0.059593,10971613100.00
20021231,-0.053315,-0.054958,11645923400.00
20030131,-0.023400,-0.024610,11014418400.00
20030228,-0.015391,-0.017218,10745760000.00
20030331,0.010318,0.008897,10542712100.00
20030430,0.082750,0.081162,10606396800.00
20030530,0.063436,0.061743,11533824900.00
20030630,0.016320,0.014771,12240922300.00
20030731,0.023098,0.021749,12431030400.00
20030829,0.024996,0.023516,12703520600.00
20030930,-0.009116,-0.010602,13027415600.00
20031031,0.060316,0.058836,12947556100.00
20031128,0.016593,0.015052,13713267100.00
20031231,0.045505,0.043848,13932382400.00
20040130,0.023037,0.022013,14568613800.00
20040227,0.015479,0.013994,14889377000.00
20040331,-0.010667,-0.011991,15146308500.00
20040430,-0.024214,-0.025560,14927180100.00
20040528,0.014058,0.012374,14662851200.00
20040630,0.021601,0.020039,14866986400.00
20040730,-0.037670,-0.038765,15100079200.00
20040831,0.002728,0.001083,14591078600.00
20040930,0.020543,0.019085,14619911400.00
20041029,0.017806,0.016579,14847049900.00
20041130,0.048208,0.044313,15109092800.00
20041231,0.035177,0.033422,15832067700.00
20050131,-0.026551,-0.027405,16426806300.00
20050228,0.022676,0.020839,15989007600.00
20050331,-0.016948,-0.018583,16303044600.00
20050429,-0.025185,-0.026569,16043472700.00
20050531,0.037954,0.036150,15632805600.00
20050630,0.011526,0.009902,16184106000.00
20050729,0.043335,0.042229,16341335500.00
20050831,-0.005944,-0.007761,16953365600.00
20050930,0.010607,0.009338,16891555800.00
20051031,-0.020873,-0.021981,16985802000.00
20051130,0.040322,0.038070,16656463000.00
20051230,0.003457,0.001886,17302366300.00
20060131,0.040041,0.038935,17301317700.00
20060228,-0.001639,-0.003553,17962823500.00
20060331,0.019042,0.017575,17939582100.00
20060428,0.012963,0.011492,18187470000.00
20060531,-0.031041,-0.033021,18381311700.00
20060630,-0.000388,-0.001883,17809833600.00
20060731,-0.001874,-0.002918,17799256100.00
20060831,0.025048,0.022974,17705862000.00
20060929,0.019424,0.018105,18088958100.00
20061031,0.037133,0.036087,18357229000.00
20061130,0.023702,0.021338,18965051200.00
20061229,0.010855,0.009153,19385886700.00
20070131,0.019397,0.018461,19475525900.00
20070228,-0.013988,-0.015979,19878530100.00
20070330,0.012950,0.011475,19513564500.00
20070430,0.039815,0.038449,19782046400.00
20070531,0.038932,0.036643,20539883000.00
20070629,-0.014765,-0.016128,21256375400.00
20070731,-0.031760,-0.032764,20854920200.00
20070831,0.011630,0.009677,20144194600.00
20070928,0.040842,0.039325,20302927300.00
20071031,0.025796,0.024655,20981859300.00
20071130,-0.049327,-0.051276,21382482000.00
20071231,-0.004423,-0.006511,20254814800.00
20080131,-0.062138,-0.063243,20151470600.00
20080229,-0.021663,-0.023605,18850428300.00
20080331,-0.010421,-0.012160,18335016200.00
20080430,0.051060,0.049736,18138317700.00
20080530,0.023808,0.021494,19024196200.00
20080630,-0.078426,-0.080241,19409988800.00
20080731,-0.013341,-0.014690,17864502700.00
20080829,0.010566,0.008576,17610665700.00
20080930,-0.097980,-0.099770,17749637200.00
20081031,-0.184648,-0.186136,16007153900.00
20081128,-0.084615,-0.087354,12948852500.00
20081231,0.022154,0.019087,11834214900.00
20090130,-0.077315,-0.078709,12074371900.00
20090227,-0.100271,-0.103457,11153509600.00
20090331,0.086748,0.083489,9881196220.00
20090430,0.109352,0.107516,10700647500.00
20090529,0.067774,0.065124,11881627600.00
20090630,-0.003099,-0.005042,12722589200.00
20090731,0.081752,0.080331,12712784300.00
20090831,0.031469,0.029310,13750828800.00
20090930,0.045216,0.043576,14239628700.00
20091030,-0.027971,-0.029227,14884819700.00
20091130,0.057117,0.054661,14442241400.00
20091231,0.028430,0.026404,15298119100.00
20100129,-0.037098,-0.038111,15779140200.00
20100226,0.034786,0.032700,15143689700.00
20100331,0.063626,0.061940,15665650400.00
20100430,0.020063,0.018950,16713617800.00
20100528,-0.079163,-0.081251,17062522500.00
20100630,-0.050745,-0.052485,15606932700.00
20100730,0.070309,0.068611,14818296600.00
20100831,-0.042844,-0.044969,15832797300.00
20100930,0.091547,0.089664,15124917100.00
20101029,0.038512,0.036990,16481774400.00
20101130,0.005125,0.002925,17124568400.00
20101231,0.067205,0.064873,17306112700.00
20110131,0.019137,0.018182,18469997400.00
20110228,0.038175,0.036243,18886049300.00
20110331,0.003353,0.001768,19566453800.00
20110429,0.028667,0.027552,19571206600.00
20110531,-0.014900,-0.016907,20151931400.00
20110630,-0.018388,-0.020153,19787395700.00
20110729,-0.022524,-0.023665,19391207600.00
20110831,-0.057498,-0.059638,18951172800.00
20110930,-0.084862,-0.086554,17776002700.00
20111031,0.114030,0.112619,16218917900.00
20111130,-0.006207,-0.008875,18020836900.00
20111230,0.003696,0.001449,17817834300.00
20120131,0.054095,0.052947,17851861200.00
20120229,0.041239,0.038967,18819455700.00
20120330,0.024004,0.022120,19547942000.00
20120430,-0.006806,-0.008024,19997699600.00
20120531,-0.065574,-0.067986,19853412100.00
20120629,0.038189,0.036089,18532798900.00
20120731,0.010284,0.009031,19166930000.00
20120831,0.026278,0.023678,19367069400.00
20120928,0.026554,0.024613,19818495500.00
20121031,-0.014104,-0.015553,20356336900.00
20121130,0.006192,0.002951,20063156800.00
20121231,0.012529,0.008978,20091189500.00
20130131,0.054145,0.052937,20322629200.00
20130228,0.008340,0.006136,21418402500.00
20130328,0.035294,0.033528,21548284000.00
20130430,0.014947,0.013770,22329921300.00
20130531,0.019074,0.016515,22637719900.00
20130628,-0.015036,-0.017051,23042477200.00
20130731,0.052717,0.051280,22639659700.00
20130830,-0.025727,-0.027904,23850469300.00
20130930,0.037470,0.035676,23180110500.00
20131031,0.039895,0.038608,24012070400.00
20131129,0.024966,0.022842,24970861200.00
20131231,0.026140,0.024086,25569250400.00
20140131,-0.029987,-0.031093,26244243000.00
20140228,0.046186,0.043951,25434156100.00
20140331,0.004501,0.002784,26619290400.00
20140430,0.001670,0.000506,26755460500.00
20140530,0.020223,0.018015,26828476400.00
20140630,0.027961,0.025977,27319972200.00
20140731,-0.020536,-0.021831,28051716100.00
20140829,0.040206,0.038203,27493893700.00
20140930,-0.025132,-0.026826,28540870900.00
20141031,0.021198,0.019950,27814799100.00
20141128,0.021159,0.018994,28339752700.00
20141231,-0.003623,-0.005757,28956691000.00
20150130,-0.027200,-0.028272,28789060000.00
20150227,0.056017,0.053679,27986961400.00
20150331,-0.010454,-0.012270,29423239800.00
20150430,0.008716,0.007567,29122724300.00
20150529,0.010344,0.008184,29335186500.00
20150630,-0.019262,-0.021203,29545988500.00
20150731,0.012113,0.010900,28843160800.00
20150831,-0.060046,-0.062112,29274344000.00
20150930,-0.033769,-0.035704,27438930500.00
20151030,0.074021,0.072626,26421639300.00
20151130,0.002448,0.000182,28316298200.00
20151231,-0.022287,-0.024526,28241601400.00
20160129,-0.057094,-0.058264,27569795700.00
20160229,0.000685,-0.001737,25867107600.00
20160331,0.070518,0.068146,25734643000.00
20160429,0.011814,0.010579,27452474700.00
20160531,0.014316,0.011904,27674705600.00
20160630,0.003111,0.001037,27977497000.00
20160729,0.038775,0.037528,28027883700.00
20160831,0.002789,0.000453,29118082300.00
20160930,0.003017,0.001240,29011609200.00
20161031,-0.021594,-0.022839,29111717200.00
20161130,0.040491,0.038046,28471629900.00
20161230,0.018792,0.016652,29552120700.00
20170131,0.022190,0.021165,30071710100.00
20170228,0.032665,0.030563,30763802800.00
20170331,0.002092,0.000220,31719973600.00
20170428,0.009615,0.008496,31748760200.00
20170531,0.009335,0.006989,32097707500.00
20170630,0.009469,0.007585,32291675900.00
20170731,0.020330,0.018945,32527548100.00
20170831,0.001589,-0.000647,33052138200.00
20170929,0.023734,0.022128,32875016100.00
20171031,0.019281,0.018179,33759583100.00
20171130,0.027309,0.024984,34379707900.00
20171229,0.012173,0.010315,35252135000.00
20180131,0.050656,0.049702,35655715100.00
20180228,-0.039465,-0.041332,37536538800.00
20180329,-0.018433,-0.020301,35924651700.00
20180430,0.004769,0.003660,35133633700.00
20180531,0.026170,0.023877,35308804300.00
20180629,0.005334,0.003549,36069626800.00
20180731,0.031605,0.030468,36180201400.00
20180831,0.030221,0.027755,37316759000.00
20180928,0.000443,-0.001192,38303928800.00
20181031,-0.074031,-0.075100,38136486800.00
20181130,0.018530,0.016193,35288694500.00
20181231,-0.089810,-0.092046,35764143400.00
